{"cameraMode":{"drawMode":0,"name":"Shaded","section":"Shading Mode"},"sceneLighting":false,"audioPlay":false,"sceneViewState":{"showFog":false,"showMaterialUpdate":false,"showSkybox":false,"showFlares":false,"showImageEffects":false,"showParticleSystems":false},"in2DMode":false,"pivot":{"x":-1.478515625,"y":1.793548583984375,"z":4.1467437744140629},"rotation":{"x":0.19695913791656495,"y":-0.45790329575538638,"z":0.10480283200740814,"w":0.8605519533157349},"size":0.6140153408050537,"orthographic":true}