{"cameraMode":{"drawMode":0,"name":"Shaded","section":"Shading Mode"},"sceneLighting":false,"audioPlay":false,"sceneViewState":{"showFog":false,"showMaterialUpdate":false,"showSkybox":false,"showFlares":false,"showImageEffects":false,"showParticleSystems":false},"in2DMode":false,"pivot":{"x":-3.0739998817443849,"y":1.5329999923706055,"z":4.0289998054504398},"rotation":{"x":0.26231318712234499,"y":0.703216552734375,"z":-0.3185969591140747,"w":0.5789645910263062},"size":0.670496940612793,"orthographic":true}