{"cameraMode":{"drawMode":0,"name":"Shaded","section":"Shading Mode"},"sceneLighting":true,"audioPlay":false,"sceneViewState":{"showFog":false,"showMaterialUpdate":false,"showSkybox":false,"showFlares":false,"showImageEffects":false,"showParticleSystems":false},"in2DMode":false,"pivot":{"x":4.0994873046875,"y":2.9022216796875,"z":-4.13671875},"rotation":{"x":0.14372549951076508,"y":0.4142119586467743,"z":-0.06642039120197296,"w":0.8963037133216858},"size":0.788082480430603,"orthographic":true}